Date,Open,High,Low,Close,Adj Close,Volume
1/2/2019,12.1,12.11,11.83,11.93,11.93,65325
1/3/2019,11.88,11.92,11.69,11.69,11.69,55463
1/4/2019,11.75,11.97,11.73,11.93,11.93,58661
1/7/2019,11.95,12.67,11.94,12.65,12.65,89258
1/8/2019,12.66,12.85,12.59,12.76,12.76,101231
1/9/2019,12.78,12.94,12.63,12.87,12.87,75007
1/10/2019,12.85,12.88,12.62,12.67,12.67,63376
1/11/2019,12.7,12.91,12.68,12.78,12.78,62689
1/14/2019,12.75,12.84,12.63,12.75,12.75,41796
1/15/2019,12.76,13.19,12.72,13.16,13.16,119174
1/16/2019,13.16,13.27,13.06,13.17,13.17,65215
1/17/2019,13.12,13.15,12.83,12.85,12.85,59538
1/18/2019,12.85,13.08,12.85,13.03,13.03,67909
1/22/2019,13.08,13.08,12.82,12.93,12.93,63825
1/23/2019,12.91,13,12.86,12.97,12.97,43159
1/24/2019,12.97,13.07,12.95,12.98,12.98,55117
1/25/2019,12.99,13.01,12.37,12.44,12.44,122851
1/28/2019,12.47,12.93,12.46,12.79,12.79,93701
1/29/2019,12.79,12.85,12.58,12.69,12.69,68037
1/30/2019,12.73,12.78,12.47,12.53,12.53,57236
1/31/2019,12.55,12.85,12.54,12.73,12.73,70324
2/1/2019,12.7,12.77,12.57,12.6,12.6,48604
2/4/2019,12.64,12.89,12.51,12.85,12.85,78945
2/5/2019,12.88,12.93,12.75,12.82,12.82,51662
2/6/2019,12.77,12.91,12.77,12.9,12.9,53080
2/7/2019,12.9,12.9,12.68,12.73,12.73,91931
2/8/2019,12.74,12.85,12.69,12.71,12.71,70830
2/11/2019,12.72,12.76,12.57,12.67,12.67,100372
2/12/2019,12.7,12.92,12.7,12.85,12.85,95574
2/13/2019,12.87,12.89,12.72,12.75,12.75,72321
2/14/2019,12.77,12.8,12.52,12.61,12.61,79265
2/15/2019,12.67,13.25,12.65,13.14,13.14,98205
2/19/2019,13.14,13.38,13.14,13.35,13.35,57053
2/20/2019,13.34,13.5,13.17,13.44,13.44,47541
2/21/2019,13.4,13.42,13.16,13.24,13.24,44890
2/22/2019,13.2,13.42,13.19,13.37,13.37,29397
2/25/2019,13.37,13.41,13.05,13.1,13.1,41623
2/26/2019,13.1,13.17,12.86,12.88,12.88,27765
2/27/2019,12.9,12.95,12.82,12.91,12.91,19607
2/28/2019,12.92,12.92,12.64,12.73,12.73,58692
3/1/2019,12.85,12.88,12.61,12.62,12.62,58470
3/4/2019,12.62,12.73,12.35,12.36,12.36,83022
3/5/2019,12.39,12.56,12.38,12.44,12.44,66699
3/6/2019,12.47,12.47,12.15,12.16,12.16,79865
3/7/2019,12.2,12.26,12.08,12.14,12.14,93222
3/8/2019,12.19,12.25,12.11,12.18,12.18,78539
3/11/2019,12.21,12.47,12.2,12.29,12.29,75839
3/12/2019,12.29,12.46,12.17,12.33,12.33,64254
3/13/2019,12.35,12.38,12.24,12.36,12.36,60891
3/14/2019,12.37,12.69,12.28,12.41,12.41,65977
3/15/2019,12.44,12.58,12.26,12.52,12.52,47129
3/18/2019,12.6,12.87,12.56,12.84,12.84,81902
3/19/2019,12.83,12.83,12.64,12.78,12.78,75615
3/20/2019,12.76,12.8,12.68,12.74,12.74,43423
3/21/2019,12.74,12.74,12.45,12.5,12.5,56125
3/22/2019,12.5,12.7,12.43,12.57,12.57,60225
3/25/2019,12.59,12.61,12.33,12.48,12.48,63779
3/26/2019,12.52,12.64,12.4,12.59,12.59,47087
3/27/2019,12.59,12.73,12.49,12.58,12.58,81598
3/28/2019,12.57,12.61,12.47,12.53,12.53,53955
3/29/2019,12.55,12.65,12.49,12.53,12.53,44694
4/1/2019,12.53,12.69,12.29,12.67,12.67,76511
4/2/2019,12.66,12.77,12.57,12.66,12.66,58666
4/3/2019,12.65,12.69,12.38,12.42,12.42,77629
4/4/2019,12.48,12.8,12.4,12.71,12.71,101168
4/5/2019,12.72,12.84,12.68,12.76,12.76,86429
4/8/2019,12.72,12.76,12.49,12.57,12.57,78399
4/9/2019,12.58,12.8,12.52,12.78,12.78,86712
4/10/2019,12.78,12.83,12.7,12.81,12.81,117571
4/11/2019,12.77,12.81,12.65,12.66,12.66,107398
4/12/2019,12.67,12.77,12.61,12.77,12.77,89710
4/15/2019,12.74,12.79,12.64,12.66,12.66,92772
4/16/2019,12.68,12.68,12.43,12.51,12.51,54559
4/17/2019,12.54,12.64,12.31,12.35,12.35,35681
4/18/2019,12.36,12.79,12.33,12.76,12.76,59935
4/22/2019,12.72,12.8,12.5,12.54,12.54,37172
4/23/2019,12.5,12.73,12.48,12.7,12.7,44389
4/24/2019,12.68,12.72,12.53,12.68,12.68,47652
4/25/2019,12.66,12.7,12.35,12.36,12.36,61647
4/26/2019,12.39,12.45,12.19,12.26,12.26,51713
4/29/2019,12.3,12.3,11.6,11.63,11.63,29282
4/30/2019,11.55,12.04,11.55,11.99,11.99,110695
5/1/2019,12.38,12.39,12.1,12.21,12.21,109768
5/2/2019,12.25,12.33,12.15,12.23,12.23,73453
5/3/2019,12.24,12.25,11.97,12.01,12.01,81041
5/6/2019,11.95,12.01,11.84,11.88,11.88,55176
5/7/2019,11.89,12.06,11.85,11.95,11.95,79727
5/8/2019,12,12,11.64,11.65,11.65,112441
5/9/2019,11.66,11.91,11.65,11.78,11.78,76346
5/10/2019,11.83,12.15,11.71,11.72,11.72,78295
5/13/2019,11.73,11.87,11.66,11.84,11.84,51692
5/14/2019,11.83,11.99,11.74,11.94,11.94,52606
5/15/2019,12,12.06,11.77,11.85,11.85,58860
5/16/2019,11.81,11.88,11.7,11.78,11.78,44623
5/17/2019,11.75,11.76,11.43,11.55,11.55,97643
5/20/2019,11.61,11.74,11.57,11.62,11.62,56562
5/21/2019,11.63,11.85,11.36,11.81,11.81,119113
5/22/2019,11.87,11.95,11.58,11.62,11.62,75937
5/23/2019,11.62,11.77,11.42,11.57,11.57,64720
5/24/2019,11.64,11.77,11.56,11.66,11.66,34600
5/28/2019,11.73,11.81,11.62,11.75,11.75,67981
5/29/2019,11.8,12.01,11.76,11.87,11.87,90839
5/30/2019,11.83,11.95,11.73,11.76,11.76,55545
5/31/2019,11.73,12.13,11.6,12.1,12.1,105625
6/3/2019,12.13,12.22,11.95,12.19,12.19,102381
6/4/2019,12.2,12.45,12.08,12.42,12.42,100952
6/5/2019,12.42,12.53,12.15,12.21,12.21,109183
6/6/2019,12.2,12.52,12.09,12.51,12.51,87756
6/7/2019,12.49,12.52,12.42,12.5,12.5,89746
6/10/2019,12.49,12.49,12.35,12.4,12.4,115011
6/11/2019,12.44,12.54,12.27,12.54,12.54,115917
6/12/2019,12.51,12.63,12.46,12.62,12.62,114243
6/13/2019,12.6,12.75,12.6,12.75,12.75,143148
6/14/2019,12.74,12.78,12.69,12.75,12.75,69338
6/17/2019,12.75,12.77,12.61,12.66,12.66,66744
6/18/2019,12.66,12.66,12.51,12.61,12.61,63635
6/19/2019,12.54,12.57,12.41,12.5,12.5,35821
6/20/2019,12.43,12.5,12.43,12.43,12.43,50315
6/21/2019,12.4,12.45,12.17,12.22,12.22,40389
6/24/2019,12.12,12.42,12.11,12.27,12.27,57977
6/25/2019,12.31,12.45,12.27,12.33,12.33,42148
6/26/2019,12.38,12.43,11.98,12.03,12.03,58759
6/27/2019,12.05,12.57,12,12.53,12.53,38230
6/28/2019,12.57,12.61,12.45,12.32,12.32,65537
7/1/2019,12.71,12.82,12.5,12.57,12.57,73850
7/2/2019,12.54,12.61,12.25,12.35,12.35,76908
7/3/2019,12.35,12.62,12.3,12.54,12.54,55826
7/5/2019,12.57,12.65,12.33,12.36,12.36,49402
7/8/2019,12.38,12.55,12.34,12.45,12.45,44106
7/9/2019,12.43,12.43,12.26,12.35,12.35,54018
7/10/2019,12.4,12.54,12.31,12.5,12.5,50031
7/11/2019,12.5,12.62,12.36,12.38,12.38,48833
7/12/2019,12.38,12.42,12.28,12.3,12.3,48496
7/15/2019,12.3,12.32,11.95,12.06,12.06,98813
7/16/2019,12.06,12.07,11.9,11.99,11.99,52593
7/17/2019,12.05,12.14,11.76,11.79,11.79,73983
7/18/2019,11.81,11.84,11.53,11.55,11.55,83131
7/19/2019,11.59,11.7,11.56,11.59,11.59,60027
7/22/2019,11.61,11.66,11.54,11.56,11.56,55416
7/23/2019,11.56,11.99,11.39,11.98,11.98,107466
7/24/2019,11.94,12.23,11.85,12.06,12.06,87981
7/25/2019,12.12,12.2,11.93,12,12,43555
7/26/2019,12.02,12.11,11.93,12.02,12.02,26201
7/29/2019,12.04,12.21,12,12.07,12.07,39220
7/30/2019,12.07,12.3,12.05,12.15,12.15,43802
7/31/2019,12.15,12.23,12.03,12.21,12.21,37346
8/1/2019,12.16,12.22,12.01,12.12,12.12,46090
8/2/2019,12.11,12.12,11.89,12.02,12.02,48703
8/5/2019,11.97,12.04,11.69,11.82,11.82,63814
8/6/2019,11.78,12,11.7,11.73,11.73,49684
8/7/2019,11.75,11.78,11.27,11.34,11.34,123774
8/8/2019,11.37,11.5,11.33,11.43,11.43,60325
8/9/2019,11.43,11.9,11.43,11.86,11.86,66255
8/12/2019,11.89,11.96,11.48,11.56,11.56,69492
8/13/2019,11.6,11.83,11.5,11.72,11.72,58327
8/14/2019,11.72,11.81,11.57,11.61,11.61,39182
8/15/2019,11.62,11.74,11.51,11.63,11.63,46295
8/16/2019,11.62,11.69,11.56,11.64,11.64,23275
8/19/2019,11.6,11.61,11.41,11.47,11.47,47703
8/20/2019,11.43,11.55,11.37,11.44,11.44,36482
8/21/2019,11.44,11.54,11.37,11.39,11.39,33865
8/22/2019,11.41,11.64,11.38,11.58,11.58,40850
8/23/2019,11.61,11.65,11.44,11.47,11.47,33874
8/26/2019,11.45,11.61,11.41,11.43,11.43,40148
8/27/2019,11.42,11.48,11.16,11.24,11.24,86255
8/28/2019,11.26,11.46,11.09,11.37,11.37,72130
8/29/2019,11.38,11.45,11.15,11.21,11.21,50096
8/30/2019,11.2,11.3,11.05,11.14,11.14,57309
9/3/2019,11.2,11.4,11.08,11.19,11.19,106349
9/4/2019,11.16,11.27,11,11.01,11.01,107618
9/5/2019,11.04,11.14,10.86,10.97,10.97,95741
9/6/2019,11,11.07,10.91,11.02,11.02,85498
9/9/2019,11.05,11.1,10.9,10.92,10.92,128411
9/10/2019,10.89,11.07,10.85,10.88,10.88,113292
9/11/2019,10.88,10.92,10.73,10.81,10.81,133703
9/12/2019,10.8,10.83,10.68,10.76,10.76,134281
9/13/2019,10.73,10.98,10.72,10.89,10.89,134359
9/16/2019,11.08,11.34,11.04,11.09,11.09,152369
9/17/2019,11.08,11.23,10.91,10.94,10.94,95617
9/18/2019,10.9,11.07,10.88,11,11,100310
9/19/2019,11.01,11.1,10.92,10.99,10.99,89444
9/20/2019,11,11.11,10.97,11.09,11.09,67729
9/23/2019,11.1,11.25,11.1,11.22,11.22,68876
9/24/2019,11.19,11.57,11.19,11.5,11.5,75150
9/25/2019,11.5,11.84,11.48,11.8,11.8,58994
9/26/2019,11.84,11.86,11.56,11.63,11.63,48435
9/27/2019,11.6,11.74,11.4,11.53,11.53,24482
9/30/2019,11.51,12.02,11.51,11.92,11.92,77203
10/1/2019,12.65,12.9,12.63,12.88,12.88,75381
10/2/2019,12.88,12.93,12.78,12.89,12.89,61825
10/3/2019,12.87,12.89,12.59,12.74,12.74,65356
10/4/2019,12.72,12.83,12.69,12.76,12.76,41570
10/7/2019,12.71,12.71,12.31,12.52,12.52,78958
10/8/2019,12.59,12.59,12.36,12.46,12.46,44386
10/9/2019,12.43,12.55,12.38,12.41,12.41,36474
10/10/2019,12.39,12.48,12.32,12.41,12.41,43381
10/11/2019,12.4,12.48,12.22,12.41,12.41,59214
10/14/2019,12.44,12.59,12.43,12.52,12.52,37724
10/15/2019,12.5,12.62,12.35,12.59,12.59,59154
10/16/2019,12.53,12.55,12.28,12.35,12.35,61926
10/17/2019,12.34,12.46,12.21,12.24,12.24,50960
10/18/2019,12.21,12.34,12.2,12.32,12.32,45952
10/21/2019,12.34,12.39,12.2,12.27,12.27,38413
10/22/2019,12.27,12.28,12.1,12.18,12.18,55279
10/23/2019,12.13,12.25,12.05,12.15,12.15,52326
10/24/2019,12.17,12.33,12.17,12.3,12.3,44287
10/25/2019,12.25,12.39,12.23,12.35,12.35,38669
10/28/2019,12.35,12.59,12.34,12.54,12.54,49592
10/29/2019,12.53,12.55,12.28,12.34,12.34,63353
10/30/2019,12.34,12.44,12.24,12.41,12.41,38321
10/31/2019,12.42,12.52,12.31,12.48,12.48,45911
11/1/2019,12.47,12.52,12.34,12.48,12.48,54009
11/4/2019,12.48,12.57,12.44,12.51,12.51,45597
11/5/2019,12.51,12.73,12.49,12.71,12.71,76628
11/6/2019,12.71,12.71,12.54,12.56,12.56,55684
11/7/2019,12.56,12.56,12.35,12.39,12.39,64453
11/8/2019,12.36,12.61,12.29,12.57,12.57,71897
11/11/2019,12.56,12.67,12.46,12.57,12.57,63068
11/12/2019,12.62,12.63,12.51,12.59,12.59,44856
11/13/2019,12.62,12.91,12.57,12.85,12.85,120555
11/14/2019,12.83,12.89,12.77,12.81,12.81,65133
11/15/2019,12.81,12.84,12.68,12.73,12.73,54115
11/18/2019,12.73,12.8,12.6,12.76,12.76,50098
11/19/2019,12.68,12.75,12.66,12.69,12.69,42565
11/20/2019,12.69,12.81,12.68,12.75,12.75,43268
11/21/2019,12.74,12.77,12.57,12.61,12.61,51635
11/22/2019,12.63,12.87,12.62,12.83,12.83,70207
11/25/2019,12.78,12.86,12.74,12.82,12.82,43947
11/26/2019,12.8,12.89,12.66,12.78,12.78,65447
11/27/2019,12.74,12.83,12.72,12.79,12.79,48069
11/29/2019,12.8,13.01,12.78,12.94,12.94,96217
12/2/2019,12.97,12.97,12.73,12.75,12.75,75483
12/3/2019,12.75,12.92,12.74,12.86,12.86,60534
12/4/2019,12.89,13.1,12.88,13.06,13.06,82993
12/5/2019,13.06,13.17,13,13.08,13.08,69342
12/6/2019,13.08,13.21,13.07,13.18,13.18,47322
12/9/2019,13.21,13.42,13.19,13.38,13.38,78327
12/10/2019,13.38,13.49,13.31,13.46,13.46,64274
12/11/2019,13.46,13.51,13.28,13.42,13.42,81050
12/12/2019,13.38,13.55,13.34,13.52,13.52,60830
12/13/2019,13.52,13.67,13.47,13.5,13.5,86785
12/16/2019,13.45,13.58,13.22,13.29,13.29,92355
12/17/2019,13.32,13.41,13.23,13.27,13.27,57844
12/18/2019,13.27,13.5,13.26,13.43,13.43,51750
12/19/2019,13.4,13.62,13.39,13.55,13.55,50736
12/20/2019,13.55,13.59,13.47,13.54,13.54,56534
12/23/2019,13.54,13.57,13.41,13.45,13.45,38319
12/24/2019,13.47,13.49,13.36,13.37,13.37,25160
12/26/2019,13.37,13.53,13.36,13.44,13.44,26095
12/27/2019,13.48,13.6,13.42,13.54,13.54,44076
12/30/2019,13.54,13.58,13.45,13.53,13.53,36081
12/31/2019,13.54,13.56,13.39,13.42,13.42,38575
1/2/2020,13.47,13.53,13.1,13.13,13.13,84015
1/3/2020,13.23,13.4,13.2,13.31,13.31,63589
1/6/2020,13.37,13.76,13.37,13.73,13.73,101231
1/7/2020,13.75,13.79,13.55,13.59,13.59,67177
1/8/2020,13.69,13.74,13.41,13.47,13.47,74101
1/9/2020,13.49,13.76,13.4,13.71,13.71,90020
1/10/2020,13.69,14.12,13.63,14.07,14.07,140041
1/13/2020,14.09,14.24,13.98,14.16,14.16,115214
1/14/2020,14.18,14.53,14.13,14.32,14.32,142058
1/15/2020,14.28,14.57,14.22,14.52,14.52,95806
1/16/2020,14.51,14.58,14.32,14.43,14.43,91572
1/17/2020,14.46,14.5,14.34,14.45,14.45,66550
1/21/2020,14.5,14.59,14.4,14.55,14.55,79324
1/22/2020,14.55,14.79,14.53,14.66,14.66,100245
1/23/2020,14.66,14.9,14.5,14.57,14.57,95957
1/24/2020,14.57,14.69,14.26,14.39,14.39,87704
1/27/2020,14.34,14.34,14.1,14.21,14.21,87809
1/28/2020,14.19,14.75,14.05,14.54,14.54,114559
1/29/2020,14.54,14.87,14.42,14.49,14.49,104995
1/30/2020,14.43,14.72,14.36,14.59,14.59,91371
1/31/2020,14.64,14.81,14.52,14.61,14.61,82110
2/3/2020,14.54,15.01,14.42,14.89,14.89,114286
2/4/2020,14.95,15.13,14.64,14.71,14.71,126107
2/5/2020,14.71,14.86,14.59,14.73,14.73,66754
2/6/2020,14.77,14.8,14.54,14.74,14.74,82819
2/7/2020,14.75,15,14.69,14.92,14.92,93686
2/10/2020,14.95,15.1,14.92,15.04,15.04,93003
2/11/2020,15,15.46,14.99,15.41,15.41,134092
2/12/2020,15.37,15.9,15.34,15.78,15.78,178421
2/13/2020,15.75,15.84,15.12,15.16,15.16,111463
2/14/2020,15.23,15.37,14.89,15.06,15.06,56792
2/18/2020,15.06,15.33,15.05,15.28,15.28,86791
2/19/2020,15.3,15.76,15.3,15.58,15.58,56693
2/20/2020,15.61,15.66,15.36,15.4,15.4,34961
2/21/2020,15.45,15.65,15.34,15.59,15.59,37758
2/24/2020,15.54,15.58,15.23,15.27,15.27,30398
2/25/2020,15.34,15.49,15.11,15.15,15.15,38317
2/26/2020,15.12,15.12,14.69,14.79,14.79,24530
2/27/2020,14.73,14.77,14.23,14.39,14.39,16424
2/28/2020,14.15,14.38,14.03,14.46,14.46,101889
3/2/2020,14.25,14.4,13.77,13.81,13.81,99732
3/3/2020,13.85,13.89,13.62,13.76,13.76,93036
3/4/2020,13.7,13.79,13.43,13.47,13.47,84439
3/5/2020,13.5,13.54,13.35,13.42,13.42,68492
3/6/2020,13.52,13.52,12.95,13.02,13.02,118853
3/9/2020,12.5,12.74,12.18,12.61,12.61,133224
3/10/2020,12.82,12.93,12.38,12.59,12.59,114389
3/11/2020,12.59,12.66,12.23,12.26,12.26,79168
3/12/2020,12.1,12.11,11.53,11.62,11.62,124522
3/13/2020,11.8,12.1,11.66,11.7,11.7,109465
3/16/2020,11.6,11.62,10.95,11.09,11.09,96632
3/17/2020,11.15,11.17,10.85,10.89,10.89,61849
3/18/2020,10.78,10.97,10.64,10.67,10.67,82411
3/19/2020,10.68,10.86,10.44,10.59,10.59,72260
3/20/2020,10.85,11.19,10.82,10.91,10.91,83716
3/23/2020,10.77,11.15,10.72,11.04,11.04,61105
3/24/2020,11.23,11.55,11.21,11.27,11.27,57007
3/25/2020,11.42,11.68,11.31,11.41,11.41,66503
3/26/2020,11.52,11.59,11.26,11.33,11.33,56157
3/27/2020,11.33,11.45,11.06,11.1,11.1,59088
3/30/2020,11.01,11.18,10.68,10.73,10.73,67787
3/31/2020,10.75,10.78,10.4,10.42,10.42,72205
4/1/2020,10.39,10.42,10.02,10.04,10.04,66582
4/2/2020,10.17,10.86,10.05,10.29,10.29,81764
4/3/2020,10.28,10.67,10.24,10.31,10.31,61136
4/6/2020,10.46,10.56,10.29,10.45,10.45,54566
4/7/2020,10.5,10.59,10.31,10.38,10.38,55734
4/8/2020,10.34,10.46,10.22,10.37,10.37,59078
4/9/2020,10.42,10.6,10.27,10.43,10.43,61125
4/13/2020,10.55,10.57,10.12,10.17,10.17,56210
4/14/2020,10.23,10.25,9.99,10.05,10.05,79725
4/15/2020,9.99,10.2,9.96,10.16,10.16,91418
4/16/2020,10.22,10.3,10.11,10.16,10.16,57038
4/17/2020,10.2,10.47,10.16,10.37,10.37,34669
4/20/2020,10.37,10.37,10.03,10.06,10.06,33023
4/21/2020,9.99,9.99,9.55,9.75,9.75,38413
4/22/2020,9.69,10.02,9.68,9.83,9.83,46746
4/23/2020,9.93,10,9.75,9.84,9.84,44839
4/24/2020,9.82,9.86,9.6,9.73,9.73,47698
4/27/2020,9.58,9.75,9.17,9.21,9.21,32093
4/28/2020,9.21,9.44,9.05,9.34,9.34,15960
4/29/2020,9.39,9.87,9.39,9.76,9.76,9311
4/30/2020,9.96,10.16,9.96,10.39,10.39,85482
5/1/2020,10.5,11.01,10.25,10.97,10.97,91480
5/4/2020,10.8,10.9,10.33,10.4,10.4,79853
5/5/2020,10.42,10.86,10.37,10.78,10.78,72516
5/6/2020,10.63,10.74,10.24,10.27,10.27,56189
5/7/2020,10.3,10.55,10.27,10.33,10.33,62069
5/8/2020,10.33,10.39,10.11,10.29,10.29,47085
5/11/2020,10.33,10.45,10.1,10.12,10.12,47857
5/12/2020,10.12,10.37,10.05,10.25,10.25,49066
5/13/2020,10.25,10.33,10.1,10.26,10.26,56354
5/14/2020,10.3,10.62,10.29,10.46,10.46,75412
5/15/2020,10.56,10.68,10.29,10.38,10.38,68636
5/18/2020,10.52,10.83,10.47,10.8,10.8,58485
5/19/2020,10.84,10.98,10.72,10.85,10.85,70242
5/20/2020,10.85,11.3,10.85,11.19,11.19,88815
5/21/2020,11.21,11.32,10.87,10.98,10.98,62437
5/22/2020,10.83,11,10.66,10.93,10.93,51351
5/26/2020,11.11,11.2,10.88,11.05,11.05,62179
5/27/2020,11.06,11.12,10.72,10.8,10.8,56354
5/28/2020,10.76,10.88,10.55,10.8,10.8,40234
5/29/2020,10.83,10.96,10.67,10.91,10.91,44246
6/1/2020,10.97,11.13,10.83,11,11,52161
6/2/2020,11.03,11.28,11.01,11.22,11.22,51985
6/3/2020,11.3,11.64,11.22,11.62,11.62,69975
6/4/2020,11.61,11.74,11.44,11.73,11.73,57677
6/5/2020,11.74,12.06,11.73,12.02,12.02,85151
6/8/2020,12.11,12.27,11.89,11.94,11.94,100030
6/9/2020,11.9,12.03,11.8,12,12,121245
6/10/2020,12,12.25,11.94,12.23,12.23,98566
6/11/2020,12.17,12.18,11.88,11.94,11.94,86107
6/12/2020,11.84,12.09,11.6,11.87,11.87,69073
6/15/2020,11.77,12.06,11.62,12.04,12.04,80294
6/16/2020,12.1,12.25,12.01,12.19,12.19,57902
6/17/2020,12.09,12.18,11.93,12.11,12.11,38875
6/18/2020,12.09,12.14,11.81,11.89,11.89,40888
6/19/2020,11.9,12.17,11.9,12.05,12.05,25629
6/22/2020,12.04,12.11,11.82,11.92,11.92,38098
6/23/2020,11.95,11.96,11.76,11.79,11.79,37546
6/24/2020,11.8,12.05,11.65,11.75,11.75,44026
6/25/2020,11.77,11.83,11.65,11.81,11.81,36030
6/26/2020,11.77,11.87,11.45,11.55,11.55,23992
6/29/2020,11.46,11.77,11.33,11.71,11.71,10902
6/30/2020,11.69,11.9,11.68,11.84,11.84,77366
7/1/2020,12.03,12.25,12.01,12.17,12.17,66016
7/2/2020,12.18,12.25,12.02,12.24,12.24,42820
7/6/2020,12.2,12.27,11.9,11.93,11.93,43237
7/7/2020,11.88,12.23,11.78,12.18,12.18,45004
7/8/2020,12.14,12.29,11.97,12.08,12.08,55011
7/9/2020,12.11,12.15,11.82,11.84,11.84,58010
7/10/2020,11.81,11.93,11.68,11.76,11.76,55821
7/13/2020,11.71,11.75,11.53,11.58,11.58,47419
7/14/2020,11.49,11.55,11.27,11.32,11.32,64725
7/15/2020,11.38,11.9,11.36,11.82,11.82,75226
7/16/2020,11.89,11.97,11.68,11.79,11.79,37059
7/17/2020,11.77,11.87,11.68,11.73,11.73,20939
7/20/2020,11.69,11.76,11.52,11.72,11.72,31208
7/21/2020,11.77,11.94,11.63,11.67,11.67,40999
7/22/2020,11.7,11.88,11.64,11.86,11.86,32078
7/23/2020,11.89,11.89,11.72,11.77,11.77,25862
7/24/2020,11.67,11.73,11.48,11.49,11.49,42171
7/27/2020,11.51,12.19,11.51,12.12,12.12,102600
7/28/2020,12.2,12.27,11.95,12.01,12.01,56710
7/29/2020,12.05,12.1,11.84,12.01,12.01,36285
7/30/2020,11.9,12.19,11.89,12.11,12.11,46003
7/31/2020,12.12,12.72,12.11,12.64,12.64,96843
8/3/2020,12.67,12.8,12.39,12.72,12.72,72691
8/4/2020,12.67,12.8,12.55,12.78,12.78,50735
8/5/2020,12.8,12.96,12.49,12.54,12.54,61498
8/6/2020,12.65,12.98,12.51,12.94,12.94,57727
8/7/2020,12.95,13,12.63,12.67,12.67,53636
8/10/2020,12.59,12.82,12.41,12.55,12.55,48620
8/11/2020,12.53,12.82,12.43,12.74,12.74,42083
8/12/2020,12.74,12.93,12.65,12.84,12.84,41676
8/13/2020,12.87,13.14,12.84,13.11,13.11,60114
8/14/2020,13.14,13.28,13.06,13.1,13.1,46879
8/17/2020,13.1,13.25,13.01,13.06,13.06,44791
8/18/2020,13.06,13.12,12.74,12.89,12.89,53017
8/19/2020,12.92,13.26,12.9,13.24,13.24,46789
8/20/2020,13.23,13.23,12.97,13.01,13.01,45506
8/21/2020,13.04,13.08,12.8,12.83,12.83,44170
8/24/2020,12.83,12.97,12.65,12.71,12.71,57126
8/25/2020,12.71,12.87,12.6,12.76,12.76,47148
8/26/2020,12.78,12.87,12.54,12.58,12.58,51531
8/27/2020,12.61,12.82,12.5,12.77,12.77,50487
8/28/2020,12.82,12.84,12.58,12.6,12.6,41530
8/31/2020,12.65,12.74,12.56,12.66,12.66,27863
9/1/2020,12.66,12.8,12.54,12.6,12.6,68534
9/2/2020,12.6,12.64,12.42,12.44,12.44,88072
9/3/2020,12.41,12.44,11.9,12.07,12.07,111898
9/4/2020,12.09,12.14,11.86,11.93,11.93,82333
9/8/2020,11.99,12.11,11.78,12.04,12.04,93423
9/9/2020,12.07,12.17,11.93,12.03,12.03,99917
9/10/2020,12,12.03,11.85,11.91,11.91,82586
9/11/2020,11.93,11.98,11.76,11.92,11.92,79730
9/14/2020,11.91,11.98,11.73,11.76,11.76,100161
9/15/2020,11.77,12.1,11.74,12.08,12.08,110476
9/16/2020,12.15,12.43,12.06,12.35,12.35,112808
9/17/2020,12.3,12.69,12.22,12.62,12.62,44697
9/18/2020,12.62,12.79,12.5,12.77,12.77,35712
9/21/2020,12.8,12.85,12.46,12.55,12.55,45475
9/22/2020,12.51,12.95,12.51,12.89,12.89,45643
9/23/2020,12.89,13.06,12.77,12.82,12.82,33260
9/24/2020,12.82,12.93,12.71,12.84,12.84,31794
9/25/2020,12.83,13.03,12.83,13,13,35013
9/28/2020,13.05,13.18,12.57,12.59,12.59,23985
9/29/2020,12.62,13.07,12.49,12.99,12.99,15825
9/30/2020,13,13.1,12.83,13.07,13.07,46571
10/1/2020,13.51,13.77,13.36,13.58,13.58,63588
10/2/2020,13.52,13.68,13.31,13.55,13.55,49777
10/5/2020,13.55,13.75,13.49,13.61,13.61,41567
10/6/2020,13.61,13.9,13.56,13.88,13.88,56877
10/7/2020,13.83,14.18,13.77,14.14,14.14,75667
10/8/2020,14.09,14.24,14.08,14.17,14.17,44949
10/9/2020,14.15,14.31,14.03,14.23,14.23,45524
10/12/2020,14.28,14.55,13.78,13.84,13.84,81220
10/13/2020,13.86,14.15,13.85,14.01,14.01,50102
10/14/2020,13.96,14.26,13.93,14.2,14.2,40088
10/15/2020,14.22,14.49,14.02,14.18,14.18,64609
10/16/2020,14.21,14.46,14.15,14.43,14.43,35371
10/19/2020,14.47,14.75,14.36,14.72,14.72,48759
10/20/2020,14.7,14.74,14.51,14.54,14.54,43812
10/21/2020,14.53,14.59,14.3,14.5,14.5,45120
10/22/2020,14.5,14.94,14.47,14.78,14.78,58019
10/23/2020,14.78,14.88,14.59,14.72,14.72,39798
10/26/2020,14.66,14.85,14.37,14.77,14.77,48030
10/27/2020,14.83,15.04,14.68,14.83,14.83,55067
10/28/2020,14.71,14.95,14.62,14.89,14.89,56936
10/29/2020,14.81,14.84,14.34,14.4,14.4,63512
10/30/2020,14.36,14.44,13.94,14.36,14.36,83239
11/2/2020,14.24,15.04,14.23,14.97,14.97,65224
11/3/2020,15,15.23,14.66,14.72,14.72,71764
11/4/2020,14.65,14.81,14.42,14.65,14.65,40379
11/5/2020,14.7,14.83,14.38,14.48,14.48,42195
11/6/2020,14.38,15,14.27,14.91,14.91,64861
11/9/2020,14.97,15.05,14.58,14.88,14.88,58556
11/10/2020,14.88,14.92,14.53,14.68,14.68,50302
11/11/2020,14.66,14.68,14.42,14.49,14.49,47175
11/12/2020,14.51,15,14.5,14.92,14.92,68150
11/13/2020,14.86,15.08,14.79,14.96,14.96,39595
11/16/2020,14.96,15.58,14.96,15.47,15.47,64744
11/17/2020,15.46,15.66,15.22,15.31,15.31,48208
11/18/2020,15.32,15.56,15.31,15.45,15.45,32857
11/19/2020,15.45,15.52,15.22,15.28,15.28,32738
11/20/2020,15.31,15.4,14.87,15.21,15.21,53154
11/23/2020,15.3,15.49,15.08,15.15,15.15,31163
11/24/2020,15.08,15.13,14.92,15.04,15.04,33930
11/25/2020,15.06,15.15,14.66,14.77,14.77,51587
11/27/2020,14.88,15.18,14.76,14.82,14.82,38000
11/30/2020,14.82,14.91,14.41,14.51,14.51,56056
12/1/2020,14.55,14.85,14.4,14.51,14.51,65514
12/2/2020,14.63,14.74,14.33,14.6,14.6,54769
12/3/2020,14.62,14.89,14.58,14.71,14.71,37185
12/4/2020,14.75,14.77,14.39,14.44,14.44,37281
12/7/2020,14.4,14.66,14.3,14.45,14.45,35682
12/8/2020,14.46,14.53,14.34,14.39,14.39,26516
12/9/2020,14.45,14.99,14.41,14.97,14.97,63150
12/10/2020,14.92,15.07,14.6,14.66,14.66,40630
12/11/2020,14.66,14.7,14.38,14.43,14.43,47666
12/14/2020,14.43,14.45,14.09,14.12,14.12,51744
12/15/2020,14.15,14.32,14.09,14.21,14.21,37497
12/16/2020,14.28,14.54,14.24,14.49,14.49,40351
12/17/2020,14.49,14.72,14.45,14.68,14.68,36633
12/18/2020,14.68,14.76,14.39,14.44,14.44,32680
12/21/2020,14.36,14.63,14.28,14.53,14.53,33771
12/22/2020,14.55,14.64,14.4,14.54,14.54,24319
12/23/2020,14.59,14.9,14.56,14.83,14.83,50732
12/24/2020,14.89,15,14.74,14.9,14.9,25518
12/28/2020,14.93,15.13,14.83,14.98,14.98,21611
12/29/2020,15.03,15.07,14.85,15.04,15.04,28854
12/30/2020,15.07,15.45,14.98,15.28,15.28,43017
12/31/2020,15.28,15.53,15.16,15.49,15.49,40651
1/4/2021,15.65,16.129999,15.55,15.76,15.76,89030
1/5/2021,15.75,16.15,15.64,16.120001,16.120001,69658
1/6/2021,16.120001,16.32,16.02,16.25,16.25,54111
1/7/2021,16.33,16.33,15.55,15.6,15.6,63171
1/8/2021,15.7,15.87,15.54,15.6,15.6,43315
1/11/2021,15.55,15.75,15.4,15.67,15.67,60803
1/12/2021,15.75,15.94,15.44,15.46,15.46,44578
1/13/2021,15.55,15.98,15.51,15.84,15.84,45426
1/14/2021,15.95,16.75,15.95,16.67,16.67,73484
1/15/2021,16.67,16.709999,16.27,16.450001,16.450001,66493
1/19/2021,16.5,16.700001,16.059999,16.1,16.1,55683
1/20/2021,16.1,16.559999,16.02,16.27,16.27,50379
1/21/2021,16.299999,16.379999,15.81,16.049999,16.049999,56998
1/22/2021,15.99,16.040001,15.73,15.87,15.87,46066
1/25/2021,15.94,16.1,15.72,15.74,15.74,45720
1/26/2021,15.74,15.86,15.62,15.74,15.74,45122
1/27/2021,15.84,16.190001,15.66,15.8,15.8,49889
1/28/2021,15.78,16,15.57,15.59,15.59,47856
1/29/2021,15.57,16.030001,15.55,15.83,15.83,55784
2/1/2021,15.93,16.27,15.87,16.15,16.15,55863
2/2/2021,16.25,16.48,16.08,16.290001,16.290001,50943
2/3/2021,16.290001,16.379999,15.96,16.040001,16.040001,55991
2/4/2021,16.139999,16.16,15.82,16.049999,16.049999,59469
2/5/2021,16.17,16.52,16.07,16.42,16.42,86154
2/8/2021,16.459999,16.610001,16.26,16.27,16.27,77087
2/9/2021,16.35,16.58,16.209999,16.440001,16.440001,98808
2/10/2021,16.530001,17.049999,16.370001,16.709999,16.709999,118086
2/11/2021,16.700001,16.82,16.469999,16.549999,16.549999,75570
2/12/2021,16.51,16.59,16.299999,16.379999,16.379999,46924
2/16/2021,16.540001,16.77,16.49,16.73,16.73,71365
2/17/2021,16.85,17.09,16.799999,16.959999,16.959999,54607
2/18/2021,17,17.540001,17,17.51,17.51,39294
2/19/2021,17.66,17.959999,17.6,17.790001,17.790001,65037
2/22/2021,17.889999,18.889999,17.639999,18.780001,18.780001,63661
2/23/2021,18.76,18.940001,18.25,18.41,18.41,48482
2/24/2021,18.4,18.5,18.1,18.16,18.16,35604
2/25/2021,18.120001,18.379999,17.700001,17.84,17.84,10616
2/26/2021,17.780001,17.780001,17.32,17.530001,17.530001,60938
3/1/2021,16.549999,16.700001,16.17,16.209999,16.209999,58118
3/2/2021,16.200001,16.530001,16.02,16.43,16.43,59166
3/3/2021,16.5,16.530001,16.07,16.139999,16.139999,42400
3/4/2021,16.129999,16.41,15.96,16.26,16.26,48258
3/5/2021,16.26,16.559999,16.08,16.4,16.4,41175
3/8/2021,16.5,16.540001,16.15,16.200001,16.200001,39685
3/9/2021,16.129999,16.16,15.85,15.9,15.9,63229
3/10/2021,15.95,16.129999,15.91,15.96,15.96,42067
3/11/2021,16.059999,16.41,16,16.360001,16.360001,55021
3/12/2021,16.290001,16.299999,16.07,16.129999,16.129999,38015
3/15/2021,16.200001,16.280001,15.91,16.120001,16.120001,55356
3/16/2021,16.200001,16.549999,16.07,16.299999,16.299999,45659
3/17/2021,16.23,16.280001,15.94,15.99,15.99,47232
3/18/2021,16.049999,16.1,15.81,15.89,15.89,35362
3/19/2021,15.81,15.89,15.55,15.76,15.76,59634
3/22/2021,15.76,15.86,15.51,15.53,15.53,40297
3/23/2021,15.52,15.54,15.05,15.43,15.43,76780
3/24/2021,15.4,15.67,15.28,15.63,15.63,31695
3/25/2021,15.54,15.63,15.01,15.09,15.09,61562
3/26/2021,15.12,15.29,15.09,15.19,15.19,34647
3/29/2021,15.13,15.16,14.84,14.92,14.92,60213
3/30/2021,15,15.14,14.87,14.92,14.92,43418
3/31/2021,14.94,15.03,14.67,14.77,14.77,69820
4/1/2021,14.71,14.94,14.68,14.71,14.71,52148
4/5/2021,14.74,14.96,14.69,14.84,14.84,29959
4/6/2021,14.8,15.21,14.79,15.16,15.16,65353
4/7/2021,15.18,15.34,14.99,15.14,15.14,53599
4/8/2021,15.13,15.39,15.13,15.18,15.18,65851
4/9/2021,15.26,15.72,15.22,15.46,15.46,91270
4/12/2021,15.48,15.63,15.32,15.35,15.35,67689
4/13/2021,15.34,15.64,15.34,15.43,15.43,78205
4/14/2021,15.5,15.93,15.5,15.86,15.86,87068
4/15/2021,15.97,16.42,15.87,16.379999,16.379999,111509
4/16/2021,16.379999,16.799999,16.219999,16.719999,16.719999,62190
4/19/2021,16.67,16.719999,16.26,16.290001,16.290001,33304
4/20/2021,16.33,16.879999,16.33,16.77,16.77,28228
4/21/2021,16.709999,16.99,16.620001,16.940001,16.940001,24065
4/22/2021,16.9,17.07,16.809999,16.92,16.92,25982
4/23/2021,16.91,17.08,16.83,16.91,16.91,23263
4/26/2021,16.950001,17.24,16.82,17.17,17.17,26021
4/27/2021,17.17,17.98,17.16,17.940001,17.940001,21878
4/28/2021,17.860001,17.860001,17.139999,17.299999,17.299999,22125
4/29/2021,17.290001,17.52,16.629999,17.08,17.08,9826
4/30/2021,17.07,17.77,16.77,17.440001,17.440001,47760
5/3/2021,17.02,17.32,16.690001,16.73,16.73,45074
5/4/2021,16.76,17.27,16.76,17.120001,17.120001,38310
5/5/2021,17.24,17.58,17.18,17.530001,17.530001,49239
5/6/2021,17.57,17.889999,17.34,17.549999,17.549999,59740
5/7/2021,17.549999,17.690001,17.32,17.49,17.49,52161
5/10/2021,17.35,17.75,17.26,17.49,17.49,43784
5/11/2021,17.49,18.139999,17.4,18.1,18.1,69371
5/12/2021,18.17,18.25,17.780001,17.84,17.84,48446
5/13/2021,17.799999,17.799999,17.01,17.110001,17.110001,79701
5/14/2021,17.200001,17.450001,16.92,16.959999,16.959999,48627
5/17/2021,17,17.120001,16.799999,16.99,16.99,39240
5/18/2021,17.049999,17.360001,16.959999,17.209999,17.209999,51283
5/19/2021,17.1,17.1,16.85,16.950001,16.950001,43179
5/20/2021,16.959999,17.120001,16.889999,17.040001,17.040001,28848
5/21/2021,16.98,17.02,16.6,16.67,16.67,51840
5/24/2021,16.66,16.92,16.540001,16.83,16.83,37547
5/25/2021,16.879999,17.27,16.860001,17.040001,17.040001,37094
5/26/2021,17.08,17.129999,16.629999,16.780001,16.780001,47476
5/27/2021,16.799999,17.200001,16.780001,17.120001,17.120001,49107
5/28/2021,17.200001,17.690001,17.200001,17.360001,17.360001,63269
6/1/2021,17.51,17.889999,17.51,17.690001,17.690001,56043
6/2/2021,17.77,17.93,17.49,17.68,17.68,53267
6/3/2021,17.74,17.74,17.290001,17.43,17.43,45751
6/4/2021,17.43,17.82,17.43,17.709999,17.709999,52720
6/7/2021,17.73,17.83,17.32,17.379999,17.379999,62694
6/8/2021,17.34,17.76,17.299999,17.709999,17.709999,74049
6/9/2021,17.709999,17.9,17.559999,17.73,17.73,99685
6/10/2021,17.66,17.84,17.58,17.66,17.66,79809
6/11/2021,17.66,17.690001,17.360001,17.540001,17.540001,88332
6/14/2021,17.5,17.5,16.93,17.290001,17.290001,81678
6/15/2021,17.34,17.459999,16.93,17.049999,17.049999,121322
6/16/2021,17,17.309999,16.959999,17.040001,17.040001,47648
6/17/2021,16.91,16.950001,16.52,16.549999,16.549999,57657
6/18/2021,16.610001,16.780001,16.32,16.43,16.43,51143
6/21/2021,16.42,16.91,16.190001,16.780001,16.780001,39861
6/22/2021,16.73,16.77,16.299999,16.43,16.43,41034
6/23/2021,16.5,16.85,16.49,16.690001,16.690001,22887
6/24/2021,16.629999,16.99,16.5,16.93,16.93,28704
6/25/2021,16.959999,17,16.73,16.9,16.9,41194
6/28/2021,16.98,17.26,16.799999,17.23,17.23,19161
6/29/2021,17.24,17.299999,16.92,17.23,17.23,14821
6/30/2021,17.25,17.58,17.059999,17.629999,17.629999,61870
7/1/2021,17.92,18.49,17.73,17.940001,17.940001,90263
7/2/2021,18,18.34,17.889999,18.15,18.15,49059
7/6/2021,18.35,18.43,17.82,17.870001,17.870001,68543
7/7/2021,17.889999,18.110001,17.450001,17.75,17.75,64646
7/8/2021,17.780001,17.809999,17.32,17.450001,17.450001,44061
7/9/2021,17.33,17.459999,17.17,17.280001,17.280001,49666
7/12/2021,17.24,17.25,16.93,16.99,16.99,54273
7/13/2021,17.1,17.219999,16.73,17.08,17.08,64237
7/14/2021,17.24,17.25,16.84,16.93,16.93,44426
7/15/2021,16.860001,17.370001,16.83,17.33,17.33,44815
7/16/2021,17.33,17.780001,17.24,17.709999,17.709999,45802
7/19/2021,17.700001,17.790001,17.049999,17.07,17.07,48089
7/20/2021,17.200001,17.530001,17.200001,17.41,17.41,40680
7/21/2021,17.549999,17.690001,17.27,17.67,17.67,32967
7/22/2021,17.700001,17.74,17.469999,17.620001,17.620001,37980
7/23/2021,17.65,18.280001,17.65,18.17,18.17,60326
7/26/2021,18.219999,18.639999,17.77,18.42,18.42,60241
7/27/2021,18.65,18.73,18.26,18.35,18.35,59754
7/28/2021,18.4,18.690001,18.1,18.610001,18.610001,48428
7/29/2021,18.700001,18.809999,18.23,18.299999,18.299999,55830
7/30/2021,18.299999,18.450001,17.799999,17.91,17.91,58615
8/2/2021,17.860001,18.15,17.860001,17.950001,17.950001,37791
8/3/2021,17.92,18.24,17.74,17.98,17.98,49394
8/4/2021,18.08,18.200001,17.91,17.93,17.93,45998
8/5/2021,18,18.690001,17.83,18.620001,18.620001,54546
8/6/2021,18.559999,18.92,18.5,18.68,18.68,40123
8/9/2021,18.59,18.700001,18.360001,18.469999,18.469999,32961
8/10/2021,18.629999,19.75,18.540001,19.59,19.59,85975
8/11/2021,19.66,19.67,19.299999,19.469999,19.469999,55011
8/12/2021,19.450001,19.639999,19.33,19.540001,19.540001,42136
8/13/2021,19.6,20.1,19.530001,19.950001,19.950001,51703
8/16/2021,19.99,20.17,19.889999,20.030001,20.030001,48091
8/17/2021,20.02,20.370001,19.93,20.02,20.02,51728
8/18/2021,20.01,20.309999,19.99,20.17,20.17,40894
8/19/2021,20.09,20.09,19.709999,19.790001,19.790001,57189
8/20/2021,19.790001,19.98,19.469999,19.58,19.58,45253
8/23/2021,19.58,19.790001,19.5,19.58,19.58,40514
8/24/2021,19.68,19.879999,19.51,19.58,19.58,51377
8/25/2021,19.52,19.83,19.42,19.73,19.73,37508
8/26/2021,19.780001,19.870001,19.49,19.68,19.68,36323
8/27/2021,19.68,20.1,19.620001,20.040001,20.040001,41108
8/30/2021,20.040001,20.299999,20.01,20.219999,20.219999,37094
8/31/2021,20.299999,20.299999,19.73,19.84,19.84,59735
9/1/2021,19.93,20.049999,19.610001,19.67,19.67,58848
9/2/2021,19.67,19.940001,19.620001,19.9,19.9,59002
9/3/2021,19.9,19.91,19.549999,19.620001,19.620001,59296
9/7/2021,19.629999,19.719999,19.440001,19.48,19.48,66787
9/8/2021,19.5,19.76,19.450001,19.49,19.49,103479
9/9/2021,19.51,19.549999,19.1,19.24,19.24,113303
9/10/2021,19.25,19.25,18.73,18.790001,18.790001,97486
9/13/2021,18.809999,19.02,18.57,18.98,18.98,84095
9/14/2021,19.059999,19.18,18.799999,18.959999,18.959999,94848
9/15/2021,18.99,19.65,18.959999,19.52,19.52,123298
9/16/2021,19.52,19.700001,19.299999,19.49,19.49,66174
9/17/2021,19.52,19.59,19.040001,19.18,19.18,30195
9/20/2021,19,19.1,18.809999,18.860001,18.860001,33680
9/21/2021,18.889999,19.24,18.82,18.969999,18.969999,25973
9/22/2021,19.040001,19.379999,19.02,19.33,19.33,38593
9/23/2021,19.4,19.540001,19.290001,19.49,19.49,30693
9/24/2021,19.549999,19.549999,19.049999,19.1,19.1,29316
9/27/2021,19.24,19.290001,18.719999,18.73,18.73,45653
9/28/2021,18.76,19.049999,18.49,18.98,18.98,16890
9/29/2021,18.959999,19.32,18.870001,18.940001,18.940001,7937
9/30/2021,19.08,19.93,18.73,19.83,19.83,56454
10/1/2021,20.309999,20.35,20.02,20.059999,20.059999,39699
10/4/2021,20.030001,20.1,19.629999,19.690001,19.690001,47481
10/5/2021,19.74,20.040001,19.620001,19.85,19.85,36898
10/6/2021,19.799999,19.870001,19.65,19.77,19.77,29675
10/7/2021,19.77,20.02,19.76,19.84,19.84,32009
10/8/2021,19.889999,20.34,19.84,20.290001,20.290001,45555
10/11/2021,20.34,20.610001,20.219999,20.33,20.33,44428
10/12/2021,20.32,20.379999,20.030001,20.07,20.07,38159
10/13/2021,20.110001,20.15,19.83,19.860001,19.860001,44155
10/14/2021,19.879999,20.01,19.48,19.59,19.59,74891
10/15/2021,19.6,19.969999,19.59,19.799999,19.799999,48617
10/18/2021,19.77,19.799999,19.139999,19.35,19.35,68103
10/19/2021,19.35,19.440001,18.82,18.870001,18.870001,78462
10/20/2021,19.01,19.110001,18.84,18.969999,18.969999,48794
10/21/2021,19,19.190001,18.870001,18.940001,18.940001,41910
10/22/2021,19.030001,19.15,18.92,19.08,19.08,33440
10/25/2021,19.15,19.440001,18.98,19.389999,19.389999,46854
10/26/2021,19.370001,19.690001,19.32,19.66,19.66,41996
10/27/2021,19.6,19.860001,19.530001,19.700001,19.700001,42565
10/28/2021,19.700001,19.83,19.5,19.620001,19.620001,41433
10/29/2021,19.620001,19.700001,19.209999,19.27,19.27,41160
11/1/2021,19.280001,19.540001,19.190001,19.370001,19.370001,29774
11/2/2021,19.370001,19.65,19.290001,19.540001,19.540001,38147
11/3/2021,19.530001,19.530001,19.33,19.379999,19.379999,31455
11/4/2021,19.42,19.83,19.379999,19.629999,19.629999,55253
11/5/2021,19.66,19.99,19.559999,19.940001,19.940001,48965
11/8/2021,19.99,20.1,19.879999,19.92,19.92,40920
11/9/2021,19.940001,20.1,19.799999,19.9,19.9,38927
11/10/2021,19.9,19.98,19.52,19.6,19.6,56007
11/11/2021,19.620001,20.15,19.620001,20.120001,20.120001,52172
11/12/2021,20.110001,20.17,19.92,20.01,20.01,40905
11/15/2021,20.01,20.120001,19.639999,19.74,19.74,38841
11/16/2021,19.700001,20.01,19.67,19.99,19.99,35087
11/17/2021,19.99,20.51,19.959999,20.42,20.42,67013
11/18/2021,20.459999,20.690001,20.1,20.18,20.18,58679
11/19/2021,20.18,20.290001,19.889999,19.99,19.99,43167
11/22/2021,19.99,20.1,19.68,19.76,19.76,46856
11/23/2021,19.700001,20.15,19.6,20.110001,20.110001,50674
11/24/2021,20.01,20.190001,19.799999,19.93,19.93,40232
11/25/2021,20.01,20.190001,19.799999,19.93,19.93,40232
11/26/2021,19.700001,19.73,19.15,19.35,19.35,83607
11/29/2021,19.559999,19.66,19.15,19.190001,19.190001,45661
11/30/2021,19.120001,19.190001,18.549999,18.6,18.6,97896
12/1/2021,18.860001,18.879999,18.559999,18.6,18.6,65162
12/2/2021,18.690001,18.780001,18.459999,18.620001,18.620001,63603
12/3/2021,18.68,18.959999,18.67,18.75,18.75,47456
12/6/2021,18.84,19.25,18.76,19.16,19.16,41358
12/7/2021,19.219999,19.51,19.200001,19.48,19.48,50073
12/8/2021,19.4,19.9,19.360001,19.82,19.82,55820
12/9/2021,19.82,19.870001,19.530001,19.690001,19.690001,35036
12/10/2021,19.66,19.84,19.52,19.709999,19.709999,28238
12/13/2021,19.76,19.85,19.58,19.639999,19.639999,26777
12/14/2021,19.719999,19.790001,19.610001,19.65,19.65,31851
12/15/2021,19.58,19.59,19.18,19.290001,19.290001,47159
12/16/2021,19.4,19.530001,19.190001,19.4,19.4,32520
12/17/2021,19.34,19.389999,19.01,19.110001,19.110001,30045
12/20/2021,18.950001,18.950001,18.52,18.59,18.59,59193
12/21/2021,18.68,18.780001,18.57,18.74,18.74,40477
12/22/2021,18.799999,19.379999,18.74,19.26,19.26,47809
12/23/2021,19.23,19.379999,19.120001,19.24,19.24,0
12/27/2021,19.15,19.290001,19.049999,19.209999,19.209999,17256
12/28/2021,19.219999,19.360001,18.91,18.959999,18.959999,27692
12/29/2021,18.969999,19.17,18.83,19.1,19.1,28388
12/30/2021,19.1,19.1,18.620001,18.780001,18.780001,36449
12/31/2021,18.780001,18.98,18.75,18.879999,18.879999,22011
1/3/2022,18.940001,19.01,18.68,18.74,18.74,20398
1/4/2022,18.75,18.85,18.620001,18.75,18.75,40168
1/5/2022,18.799999,18.799999,18.32,18.34,18.34,59414
1/6/2022,18.309999,18.389999,18.15,18.190001,18.190001,46247
1/7/2022,18.26,18.440001,17.99,18.049999,18.049999,46856
1/10/2022,18.15,18.200001,17.6,17.83,17.83,75293
1/11/2022,17.950001,18.209999,17.85,18.110001,18.110001,63328
1/12/2022,18.190001,18.469999,18.15,18.34,18.34,53099
1/13/2022,18.34,18.42,17.940001,18.09,18.09,53421
1/14/2022,18.1,18.370001,18.030001,18.309999,18.309999,41507
1/18/2022,18.5,18.790001,18.450001,18.66,18.66,70883
1/19/2022,18.75,19.15,18.700001,19.07,19.07,67734
1/20/2022,19.01,19.290001,18.870001,18.93,18.93,64589
1/21/2022,18.809999,19.110001,18.68,18.9,18.9,47148
1/24/2022,18.84,18.98,18.51,18.809999,18.809999,55028
1/25/2022,18.85,18.950001,18.620001,18.780001,18.780001,52631
1/26/2022,18.75,18.809999,18.379999,18.49,18.49,62915
1/27/2022,18.389999,18.530001,18.309999,18.41,18.41,38287
1/28/2022,18.42,18.5,18.09,18.200001,18.200001,52705
1/31/2022,18.299999,18.360001,17.9,18.219999,18.219999,72980
2/1/2022,18.290001,18.559999,18.17,18.48,18.48,62190
2/2/2022,18.5,18.5,17.860001,17.93,17.93,82936
2/3/2022,17.93,18.120001,17.77,17.99,17.99,61922
2/4/2022,18.01,18.299999,17.98,18.23,18.23,75861
2/7/2022,18.16,18.299999,17.969999,18.049999,18.049999,60631
2/8/2022,18.01,18.139999,17.84,18.08,18.08,66923
2/9/2022,18.08,18.68,18.02,18.48,18.48,165373
2/10/2022,18.48,18.540001,18.219999,18.299999,18.299999,75250
2/11/2022,18.23,18.35,18.07,18.26,18.26,69318
2/14/2022,18.219999,18.4,18.01,18.120001,18.120001,41009
2/15/2022,18.190001,18.27,17.959999,18.07,18.07,91620
2/16/2022,18.15,18.25,18.040001,18.07,18.07,49148
2/17/2022,18.049999,18.35,18.049999,18.280001,18.280001,28632
2/18/2022,18.25,18.48,18.110001,18.200001,18.200001,31304
2/22/2022,18.299999,18.5,18.27,18.48,18.48,46937
2/23/2022,18.48,18.6,18.450001,18.530001,18.530001,37000
2/24/2022,18.690001,18.870001,18.25,18.32,18.32,37968
2/25/2022,18.33,18.379999,17.950001,17.99,17.99,24995
2/28/2022,18.190001,18.190001,17.84,18,18,43427
3/1/2022,17.719999,18.43,17.700001,18.34,18.34,80074
3/2/2022,18.5,18.67,18.280001,18.639999,18.639999,72440
3/3/2022,18.65,18.98,18.450001,18.93,18.93,75753
3/4/2022,18.9,19.48,18.809999,19.35,19.35,101322
3/7/2022,19.58,19.889999,19.219999,19.27,19.27,100176
3/8/2022,19.200001,19.73,19.01,19.43,19.43,68661
3/9/2022,19.43,19.629999,18.91,18.940001,18.940001,75186
3/10/2022,19.02,19.59,18.959999,19.1,19.1,81535
3/11/2022,19.120001,19.290001,18.870001,19.24,19.24,45904
3/14/2022,19.200001,19.200001,19,19.129999,19.129999,36322
3/15/2022,18.85,18.9,18.57,18.73,18.73,57424
3/16/2022,18.799999,18.85,18.51,18.559999,18.559999,32292
3/17/2022,18.620001,18.969999,18.559999,18.690001,18.690001,31327
3/18/2022,18.74,19,18.57,18.93,18.93,28288
3/21/2022,19,19.34,18.98,19.280001,19.280001,36339
3/22/2022,19.33,19.33,19.120001,19.15,19.15,32125
3/23/2022,19.15,19.370001,19.030001,19.24,19.24,30221
3/24/2022,19.209999,19.5,19.200001,19.26,19.26,38144
3/25/2022,19.309999,19.65,19.209999,19.610001,19.610001,46716
3/28/2022,19.52,19.639999,19.370001,19.59,19.59,43447
3/29/2022,19.59,19.6,18.84,19.110001,19.110001,78670
3/30/2022,19.23,19.59,19.200001,19.469999,19.469999,45835
3/31/2022,19.309999,19.540001,19.24,19.49,19.49,44984
4/1/2022,19.42,19.52,19.25,19.370001,19.370001,52106
4/4/2022,19.370001,19.77,19.370001,19.610001,19.610001,62237
4/5/2022,19.709999,19.809999,19.540001,19.65,19.65,50767
4/6/2022,19.700001,19.76,19.450001,19.59,19.59,68330
4/7/2022,19.6,20.040001,19.59,19.84,19.84,114819
4/8/2022,19.93,20.450001,19.84,20.41,20.41,128035
4/11/2022,20.33,20.370001,20.059999,20.309999,20.309999,109509
4/12/2022,20.389999,20.48,20.16,20.219999,20.219999,126564
4/13/2022,20.219999,20.51,20.02,20.1,20.1,90252
4/14/2022,20.15,20.35,19.91,20.059999,20.059999,49299
4/18/2022,20.139999,20.32,19.98,20.26,20.26,45144
4/19/2022,20.200001,20.209999,19.719999,19.74,19.74,49261
4/20/2022,19.799999,19.85,19.610001,19.620001,19.620001,30966
4/21/2022,19.700001,19.940001,19.57,19.870001,19.870001,35392
4/22/2022,19.799999,19.85,19.209999,19.24,19.24,30864
4/25/2022,19.15,19.15,18.870001,18.950001,18.950001,27410
4/26/2022,19.02,19.190001,18.9,18.99,18.99,29805
4/27/2022,18.99,19.4,18.799999,19.02,19.02,19224
4/28/2022,19.059999,19.469999,18.940001,19.42,19.42,24491
4/29/2022,19.43,19.549999,19.35,19.35,19.35,43057
5/2/2022,19.07,19.1,18.690001,18.85,18.85,47975
5/3/2022,18.85,18.92,18.59,18.620001,18.620001,51401
5/4/2022,18.700001,18.91,18.540001,18.620001,18.620001,57012
5/5/2022,18.74,18.879999,18.610001,18.780001,18.780001,47630
5/6/2022,18.84,19.209999,18.57,19.16,19.16,59754
5/9/2022,19,19.030001,18.559999,18.66,18.66,54426
5/10/2022,18.65,18.77,18.51,18.540001,18.540001,47293
5/11/2022,18.620001,18.73,18.440001,18.549999,18.549999,48897
5/12/2022,18.469999,18.709999,18.299999,18.639999,18.639999,58506
5/13/2022,18.719999,19.200001,18.68,19.17,19.17,63360
5/16/2022,19.700001,19.700001,19.280001,19.68,19.68,75149
5/17/2022,19.66,20.24,19.57,20,20,87598
5/18/2022,19.950001,20.129999,19.74,19.83,19.83,58651
5/19/2022,19.76,19.879999,19.51,19.77,19.77,47688
5/20/2022,19.82,20.1,19.73,19.950001,19.950001,40443
5/23/2022,20.049999,20.09,19.719999,19.77,19.77,49992
5/24/2022,19.700001,19.99,19.450001,19.75,19.75,73258
5/25/2022,19.82,19.93,19.540001,19.68,19.68,41858
5/26/2022,19.4,19.620001,19.27,19.540001,19.540001,47699
5/27/2022,19.51,19.73,19.4,19.610001,19.610001,30833
5/30/2022,null,null,null,null,null,null
5/31/2022,19.799999,19.92,19.33,19.4,19.4,54829
6/1/2022,19.4,19.68,19.280001,19.440001,19.440001,49327
6/2/2022,19.379999,19.59,19.23,19.35,19.35,54006
6/3/2022,19.35,19.42,19.25,19.290001,19.290001,31793
6/6/2022,19.450001,19.76,19.450001,19.559999,19.559999,83102
6/7/2022,19.4,19.41,18.940001,18.969999,18.969999,149851
6/8/2022,18.969999,19.17,18.84,18.98,18.98,113111
6/9/2022,18.99,19.450001,18.82,19.290001,19.290001,148346
6/10/2022,19.299999,19.35,18.84,18.870001,18.870001,88713
6/13/2022,18.799999,18.809999,18.610001,18.709999,18.709999,102306
6/14/2022,18.709999,18.860001,18.58,18.700001,18.700001,57566
6/15/2022,18.66,18.73,18.379999,18.459999,18.459999,90370
6/16/2022,18.530001,18.639999,18.389999,18.58,18.58,59330
6/17/2022,18.719999,18.959999,18.57,18.6,18.6,38578
6/20/2022,null,null,null,null,null,null
6/21/2022,18.6,19,18.6,18.66,18.66,40693
6/22/2022,18.6,18.6,18.42,18.450001,18.450001,43510
6/23/2022,18.42,18.549999,18.32,18.379999,18.379999,37101
6/24/2022,18.389999,18.43,18.23,18.370001,18.370001,31758
6/27/2022,18.389999,18.549999,18.200001,18.299999,18.299999,24800
6/28/2022,18.49,18.629999,18.379999,18.530001,18.530001,17482
6/29/2022,18.559999,18.639999,18.309999,18.549999,18.549999,21241
6/30/2022,18.52,18.91,18.52,18.83,18.83,57759
7/1/2022,18.450001,18.540001,18.059999,18.07,18.07,61105
7/4/2022,null,null,null,null,null,null
7/5/2022,18.200001,18.290001,17.709999,17.799999,17.799999,75996
7/6/2022,17.9,18.030001,17.75,17.99,17.99,62113
7/7/2022,18.040001,18.59,17.98,18.52,18.52,76790
7/8/2022,18.49,19.15,18.450001,19.02,19.02,95065
7/11/2022,19.049999,19.120001,18.84,18.860001,18.860001,51306
7/12/2022,18.799999,18.9,18.6,18.690001,18.690001,46998
7/13/2022,18.690001,19.200001,18.690001,19.139999,19.139999,60649
7/14/2022,19.139999,19.190001,18.82,18.969999,18.969999,46379
7/15/2022,18.969999,19.379999,18.93,19.25,19.25,52296
7/18/2022,19.27,19.59,19.24,19.41,19.41,50322
7/19/2022,19.309999,19.389999,18.799999,18.84,18.84,61384
7/20/2022,18.870001,18.940001,18.629999,18.67,18.67,40663
7/21/2022,18.700001,18.74,18.26,18.35,18.35,60912
7/22/2022,18.42,18.43,17.870001,17.889999,17.889999,79859
7/25/2022,17.860001,17.889999,17.440001,17.469999,17.469999,95107
7/26/2022,17.58,17.82,17.35,17.469999,17.469999,75962
7/27/2022,17.51,17.620001,17.32,17.4,17.4,59849
7/28/2022,17.549999,17.969999,17.49,17.719999,17.719999,78995
7/29/2022,17.809999,17.889999,17.52,17.540001,17.540001,47423
8/1/2022,17.58,17.65,17.200001,17.6,17.6,59731
8/2/2022,17.67,17.780001,17.360001,17.690001,17.690001,49140
8/3/2022,17.610001,18.030001,17.5,17.77,17.77,51829
8/4/2022,17.629999,17.860001,17.530001,17.549999,17.549999,42288
8/5/2022,17.66,17.98,17.58,17.940001,17.940001,45248
8/8/2022,17.959999,18.139999,17.790001,17.959999,17.959999,41993
8/9/2022,17.93,18.07,17.75,17.98,17.98,40004
8/10/2022,17.98,18.4,17.959999,18.280001,18.280001,60742
8/11/2022,18.280001,18.5,18.18,18.49,18.49,52461
8/12/2022,18.49,18.65,18.389999,18.6,18.6,39734
8/15/2022,18.559999,18.700001,18.43,18.540001,18.540001,49862
8/16/2022,18.5,18.540001,18.219999,18.27,18.27,47613
8/17/2022,18.26,18.43,18.139999,18.24,18.24,36039
8/18/2022,18.280001,18.280001,17.75,17.77,17.77,53827
8/19/2022,17.780001,18.200001,17.610001,18.09,18.09,62701
8/22/2022,17.940001,18.09,17.74,17.940001,17.940001,42029
8/23/2022,18,18.040001,17.799999,17.889999,17.889999,36071
8/24/2022,17.93,18.24,17.9,18.040001,18.040001,45384
8/25/2022,18.09,18.190001,17.709999,17.9,17.9,63168
8/26/2022,17.91,18.49,17.85,18.469999,18.469999,75485
8/29/2022,18.469999,18.51,18.209999,18.440001,18.440001,47798
8/30/2022,18.440001,18.52,18.059999,18.1,18.1,43965
8/31/2022,18.209999,18.25,17.85,17.889999,17.889999,56348
9/1/2022,17.860001,18.07,17.75,17.99,17.99,72164
9/2/2022,18.059999,18.32,18.030001,18.15,18.15,68887
9/5/2022,null,null,null,null,null,null
9/6/2022,18.24,18.280001,17.93,17.98,17.98,84973
9/7/2022,17.98,18.34,17.92,18.049999,18.049999,107483
9/8/2022,18.049999,18.24,17.85,17.93,17.93,112564
9/9/2022,18.01,18.26,17.93,18.219999,18.219999,157683
9/12/2022,18.26,18.52,18.129999,18.35,18.35,123964
9/13/2022,18.4,18.59,18.219999,18.379999,18.379999,101386
9/14/2022,18.4,18.549999,18.24,18.27,18.27,82757
9/15/2022,18.360001,18.379999,18.16,18.18,18.18,78109
9/16/2022,18.18,18.209999,17.870001,17.879999,17.879999,64250
9/19/2022,17.889999,17.91,17.5,17.690001,17.690001,30290
9/20/2022,17.809999,18.26,17.66,18.190001,18.190001,38025
9/21/2022,18.25,18.35,18.08,18.219999,18.219999,22180
9/22/2022,18.200001,18.52,18.200001,18.49,18.49,29747
9/23/2022,18.5,18.549999,18.040001,18.280001,18.280001,48835
9/26/2022,18.26,18.75,18.15,18.35,18.35,27460
9/27/2022,18.42,18.67,18.15,18.190001,18.190001,20668
9/28/2022,18.23,18.48,18.1,18.290001,18.290001,26343
9/29/2022,18.27,18.48,18.219999,18.440001,18.440001,17729
9/30/2022,18.5,18.6,18.26,18.42,18.42,45523
